,RunId,iteration,Step,width,height,sheep_reproduce,wolf_reproduce,wolf_gain_from_food,grass,grass_regrowth_time,sheep_gain_from_food,initial_sheep,initial_wolves,diseaseLimiar,Wolves,Sheep
0,0,0,0,20,20,0.04,0.05,20,True,30,4,50,50,0.5,50,50
1,0,0,10,20,20,0.04,0.05,20,True,30,4,50,50,0.5,60,30
2,1,0,0,20,20,0.04,0.05,20,True,30,4,50,50,0.25,50,50
3,1,0,10,20,20,0.04,0.05,20,True,30,4,50,50,0.25,60,34
4,2,0,0,20,20,0.04,0.05,20,True,30,4,50,50,0.75,50,50
5,2,0,10,20,20,0.04,0.05,20,True,30,4,50,50,0.75,58,22
6,3,0,0,20,20,0.04,0.05,20,True,30,4,50,100,0.25,100,50
7,3,0,10,20,20,0.04,0.05,20,True,30,4,50,100,0.25,93,35
8,4,0,0,20,20,0.04,0.05,20,True,30,4,50,50,0.0,50,50
9,4,0,10,20,20,0.04,0.05,20,True,30,4,50,50,0.0,47,47
10,5,0,0,20,20,0.04,0.05,20,True,30,4,50,100,0.0,100,50
11,5,0,10,20,20,0.04,0.05,20,True,30,4,50,100,0.0,116,42
12,6,0,0,20,20,0.04,0.05,20,True,30,4,50,100,0.75,100,50
13,6,0,10,20,20,0.04,0.05,20,True,30,4,50,100,0.75,115,11
14,7,0,0,20,20,0.04,0.05,20,True,30,4,50,150,0.0,150,50
15,7,0,10,20,20,0.04,0.05,20,True,30,4,50,150,0.0,153,45
16,8,0,0,20,20,0.04,0.05,20,True,30,4,50,150,0.5,150,50
17,8,0,10,20,20,0.04,0.05,20,True,30,4,50,150,0.5,170,29
18,9,0,0,20,20,0.04,0.05,20,True,30,4,100,50,0.0,50,100
19,9,0,10,20,20,0.04,0.05,20,True,30,4,100,50,0.0,43,66
20,10,0,0,20,20,0.04,0.05,20,True,30,4,50,150,0.75,150,50
21,10,0,10,20,20,0.04,0.05,20,True,30,4,50,150,0.75,167,24
22,11,0,0,20,20,0.04,0.05,20,True,30,4,50,150,0.25,150,50
23,11,0,10,20,20,0.04,0.05,20,True,30,4,50,150,0.25,175,32
24,12,0,0,20,20,0.04,0.05,20,True,30,4,50,100,0.5,100,50
25,12,0,10,20,20,0.04,0.05,20,True,30,4,50,100,0.5,108,26
26,13,0,0,20,20,0.04,0.05,20,True,30,4,100,50,0.5,50,100
27,13,0,10,20,20,0.04,0.05,20,True,30,4,100,50,0.5,48,47
28,14,0,0,20,20,0.04,0.05,20,True,30,4,100,50,0.25,50,100
29,14,0,10,20,20,0.04,0.05,20,True,30,4,100,50,0.25,51,60
30,15,0,0,20,20,0.04,0.05,20,True,30,4,100,50,0.75,50,100
31,15,0,10,20,20,0.04,0.05,20,True,30,4,100,50,0.75,60,32
32,16,0,0,20,20,0.04,0.05,20,True,30,4,100,100,0.0,100,100
33,16,0,10,20,20,0.04,0.05,20,True,30,4,100,100,0.0,102,66
34,17,0,0,20,20,0.04,0.05,20,True,30,4,100,150,0.25,150,100
35,17,0,10,20,20,0.04,0.05,20,True,30,4,100,150,0.25,158,43
36,18,0,0,20,20,0.04,0.05,20,True,30,4,100,100,0.75,100,100
37,18,0,10,20,20,0.04,0.05,20,True,30,4,100,100,0.75,130,33
38,19,0,0,20,20,0.04,0.05,20,True,30,4,100,100,0.25,100,100
39,19,0,10,20,20,0.04,0.05,20,True,30,4,100,100,0.25,108,52
40,20,0,0,20,20,0.04,0.05,20,True,30,4,100,150,0.5,150,100
41,20,0,10,20,20,0.04,0.05,20,True,30,4,100,150,0.5,174,31
42,21,0,0,20,20,0.04,0.05,20,True,30,4,100,100,0.5,100,100
43,21,0,10,20,20,0.04,0.05,20,True,30,4,100,100,0.5,114,31
44,22,0,0,20,20,0.04,0.05,20,True,30,4,100,150,0.0,150,100
45,22,0,10,20,20,0.04,0.05,20,True,30,4,100,150,0.0,136,63
46,23,0,0,20,20,0.04,0.05,20,True,30,4,150,50,0.0,50,150
47,23,0,10,20,20,0.04,0.05,20,True,30,4,150,50,0.0,40,81
48,24,0,0,20,20,0.04,0.05,20,True,30,4,100,150,0.75,150,100
49,24,0,10,20,20,0.04,0.05,20,True,30,4,100,150,0.75,178,18
50,25,0,0,20,20,0.04,0.05,20,True,30,4,150,50,0.25,50,150
51,25,0,10,20,20,0.04,0.05,20,True,30,4,150,50,0.25,52,63
52,26,0,0,20,20,0.04,0.05,20,True,30,4,150,50,0.75,50,150
53,26,0,10,20,20,0.04,0.05,20,True,30,4,150,50,0.75,77,48
54,27,0,0,20,20,0.04,0.05,20,True,30,4,150,50,0.5,50,150
55,27,0,10,20,20,0.04,0.05,20,True,30,4,150,50,0.5,62,76
56,28,0,0,20,20,0.04,0.05,20,True,30,4,150,100,0.0,100,150
57,28,0,10,20,20,0.04,0.05,20,True,30,4,150,100,0.0,90,80
58,29,0,0,20,20,0.04,0.05,20,True,30,4,150,100,0.75,100,150
59,29,0,10,20,20,0.04,0.05,20,True,30,4,150,100,0.75,117,27
60,30,0,0,20,20,0.04,0.05,20,True,30,4,150,100,0.5,100,150
61,30,0,10,20,20,0.04,0.05,20,True,30,4,150,100,0.5,140,57
62,31,0,0,20,20,0.04,0.05,20,True,30,4,150,100,0.25,100,150
63,31,0,10,20,20,0.04,0.05,20,True,30,4,150,100,0.25,114,73
64,32,1,0,20,20,0.04,0.05,20,True,30,4,50,50,0.0,50,50
65,32,1,10,20,20,0.04,0.05,20,True,30,4,50,50,0.0,46,48
66,33,0,0,20,20,0.04,0.05,20,True,30,4,150,150,0.0,150,150
67,33,0,10,20,20,0.04,0.05,20,True,30,4,150,150,0.0,151,81
68,34,0,0,20,20,0.04,0.05,20,True,30,4,150,150,0.5,150,150
69,34,0,10,20,20,0.04,0.05,20,True,30,4,150,150,0.5,176,51
70,35,0,0,20,20,0.04,0.05,20,True,30,4,150,150,0.25,150,150
71,35,0,10,20,20,0.04,0.05,20,True,30,4,150,150,0.25,167,66
72,36,0,0,20,20,0.04,0.05,20,True,30,4,150,150,0.75,150,150
73,36,0,10,20,20,0.04,0.05,20,True,30,4,150,150,0.75,207,22
74,37,1,0,20,20,0.04,0.05,20,True,30,4,50,50,0.5,50,50
75,37,1,10,20,20,0.04,0.05,20,True,30,4,50,50,0.5,50,27
76,38,1,0,20,20,0.04,0.05,20,True,30,4,50,100,0.0,100,50
77,38,1,10,20,20,0.04,0.05,20,True,30,4,50,100,0.0,97,40
78,39,1,0,20,20,0.04,0.05,20,True,30,4,50,50,0.25,50,50
79,39,1,10,20,20,0.04,0.05,20,True,30,4,50,50,0.25,56,38
80,40,1,0,20,20,0.04,0.05,20,True,30,4,50,50,0.75,50,50
81,40,1,10,20,20,0.04,0.05,20,True,30,4,50,50,0.75,56,19
82,41,1,0,20,20,0.04,0.05,20,True,30,4,50,100,0.5,100,50
83,41,1,10,20,20,0.04,0.05,20,True,30,4,50,100,0.5,116,20
84,42,1,0,20,20,0.04,0.05,20,True,30,4,50,100,0.25,100,50
85,42,1,10,20,20,0.04,0.05,20,True,30,4,50,100,0.25,97,42
86,43,1,0,20,20,0.04,0.05,20,True,30,4,50,100,0.75,100,50
87,43,1,10,20,20,0.04,0.05,20,True,30,4,50,100,0.75,113,11
88,44,1,0,20,20,0.04,0.05,20,True,30,4,50,150,0.5,150,50
89,44,1,10,20,20,0.04,0.05,20,True,30,4,50,150,0.5,158,24
90,45,1,0,20,20,0.04,0.05,20,True,30,4,100,50,0.0,50,100
91,45,1,10,20,20,0.04,0.05,20,True,30,4,100,50,0.0,54,68
92,46,1,0,20,20,0.04,0.05,20,True,30,4,50,150,0.75,150,50
93,46,1,10,20,20,0.04,0.05,20,True,30,4,50,150,0.75,156,16
94,47,1,0,20,20,0.04,0.05,20,True,30,4,100,50,0.75,50,100
95,47,1,10,20,20,0.04,0.05,20,True,30,4,100,50,0.75,68,31
96,48,1,0,20,20,0.04,0.05,20,True,30,4,50,150,0.25,150,50
97,48,1,10,20,20,0.04,0.05,20,True,30,4,50,150,0.25,157,30
98,49,1,0,20,20,0.04,0.05,20,True,30,4,50,150,0.0,150,50
99,49,1,10,20,20,0.04,0.05,20,True,30,4,50,150,0.0,175,52
100,50,1,0,20,20,0.04,0.05,20,True,30,4,100,50,0.5,50,100
101,50,1,10,20,20,0.04,0.05,20,True,30,4,100,50,0.5,52,46
102,51,1,0,20,20,0.04,0.05,20,True,30,4,100,50,0.25,50,100
103,51,1,10,20,20,0.04,0.05,20,True,30,4,100,50,0.25,61,53
104,52,1,0,20,20,0.04,0.05,20,True,30,4,100,100,0.25,100,100
105,52,1,10,20,20,0.04,0.05,20,True,30,4,100,100,0.25,109,58
106,53,1,0,20,20,0.04,0.05,20,True,30,4,100,100,0.75,100,100
107,53,1,10,20,20,0.04,0.05,20,True,30,4,100,100,0.75,109,23
108,54,1,0,20,20,0.04,0.05,20,True,30,4,100,100,0.0,100,100
109,54,1,10,20,20,0.04,0.05,20,True,30,4,100,100,0.0,94,68
110,55,1,0,20,20,0.04,0.05,20,True,30,4,100,100,0.5,100,100
111,55,1,10,20,20,0.04,0.05,20,True,30,4,100,100,0.5,107,37
112,56,1,0,20,20,0.04,0.05,20,True,30,4,100,150,0.5,150,100
113,56,1,10,20,20,0.04,0.05,20,True,30,4,100,150,0.5,174,33
114,57,1,0,20,20,0.04,0.05,20,True,30,4,100,150,0.0,150,100
115,57,1,10,20,20,0.04,0.05,20,True,30,4,100,150,0.0,145,73
116,58,1,0,20,20,0.04,0.05,20,True,30,4,100,150,0.25,150,100
117,58,1,10,20,20,0.04,0.05,20,True,30,4,100,150,0.25,159,52
118,59,1,0,20,20,0.04,0.05,20,True,30,4,100,150,0.75,150,100
119,59,1,10,20,20,0.04,0.05,20,True,30,4,100,150,0.75,194,19
120,60,1,0,20,20,0.04,0.05,20,True,30,4,150,50,0.5,50,150
121,60,1,10,20,20,0.04,0.05,20,True,30,4,150,50,0.5,59,53
122,61,1,0,20,20,0.04,0.05,20,True,30,4,150,50,0.75,50,150
123,61,1,10,20,20,0.04,0.05,20,True,30,4,150,50,0.75,75,48
124,62,1,0,20,20,0.04,0.05,20,True,30,4,150,50,0.0,50,150
125,62,1,10,20,20,0.04,0.05,20,True,30,4,150,50,0.0,51,75
126,63,1,0,20,20,0.04,0.05,20,True,30,4,150,50,0.25,50,150
127,63,1,10,20,20,0.04,0.05,20,True,30,4,150,50,0.25,63,75
128,64,1,0,20,20,0.04,0.05,20,True,30,4,150,100,0.0,100,150
129,64,1,10,20,20,0.04,0.05,20,True,30,4,150,100,0.0,100,72
130,65,1,0,20,20,0.04,0.05,20,True,30,4,150,100,0.5,100,150
131,65,1,10,20,20,0.04,0.05,20,True,30,4,150,100,0.5,125,42
132,66,1,0,20,20,0.04,0.05,20,True,30,4,150,100,0.75,100,150
133,66,1,10,20,20,0.04,0.05,20,True,30,4,150,100,0.75,127,37
134,67,1,0,20,20,0.04,0.05,20,True,30,4,150,100,0.25,100,150
135,67,1,10,20,20,0.04,0.05,20,True,30,4,150,100,0.25,109,65
136,68,1,0,20,20,0.04,0.05,20,True,30,4,150,150,0.0,150,150
137,68,1,10,20,20,0.04,0.05,20,True,30,4,150,150,0.0,146,79
138,69,1,0,20,20,0.04,0.05,20,True,30,4,150,150,0.25,150,150
139,69,1,10,20,20,0.04,0.05,20,True,30,4,150,150,0.25,189,67
140,70,2,0,20,20,0.04,0.05,20,True,30,4,50,50,0.0,50,50
141,70,2,10,20,20,0.04,0.05,20,True,30,4,50,50,0.0,51,45
142,71,1,0,20,20,0.04,0.05,20,True,30,4,150,150,0.75,150,150
143,71,1,10,20,20,0.04,0.05,20,True,30,4,150,150,0.75,195,29
144,72,2,0,20,20,0.04,0.05,20,True,30,4,50,50,0.25,50,50
145,72,2,10,20,20,0.04,0.05,20,True,30,4,50,50,0.25,49,36
146,73,1,0,20,20,0.04,0.05,20,True,30,4,150,150,0.5,150,150
147,73,1,10,20,20,0.04,0.05,20,True,30,4,150,150,0.5,182,48
148,74,2,0,20,20,0.04,0.05,20,True,30,4,50,100,0.0,100,50
149,74,2,10,20,20,0.04,0.05,20,True,30,4,50,100,0.0,99,44
150,75,2,0,20,20,0.04,0.05,20,True,30,4,50,100,0.25,100,50
151,75,2,10,20,20,0.04,0.05,20,True,30,4,50,100,0.25,115,32
152,76,2,0,20,20,0.04,0.05,20,True,30,4,50,100,0.75,100,50
153,76,2,10,20,20,0.04,0.05,20,True,30,4,50,100,0.75,123,10
154,77,2,0,20,20,0.04,0.05,20,True,30,4,50,100,0.5,100,50
155,77,2,10,20,20,0.04,0.05,20,True,30,4,50,100,0.5,102,31
156,78,2,0,20,20,0.04,0.05,20,True,30,4,50,50,0.5,50,50
157,78,2,10,20,20,0.04,0.05,20,True,30,4,50,50,0.5,66,31
158,79,2,0,20,20,0.04,0.05,20,True,30,4,50,150,0.5,150,50
159,79,2,10,20,20,0.04,0.05,20,True,30,4,50,150,0.5,179,28
160,80,2,0,20,20,0.04,0.05,20,True,30,4,50,50,0.75,50,50
161,80,2,10,20,20,0.04,0.05,20,True,30,4,50,50,0.75,64,19
162,81,2,0,20,20,0.04,0.05,20,True,30,4,50,150,0.25,150,50
163,81,2,10,20,20,0.04,0.05,20,True,30,4,50,150,0.25,144,31
164,82,2,0,20,20,0.04,0.05,20,True,30,4,50,150,0.0,150,50
165,82,2,10,20,20,0.04,0.05,20,True,30,4,50,150,0.0,157,42
166,83,2,0,20,20,0.04,0.05,20,True,30,4,100,50,0.75,50,100
167,83,2,10,20,20,0.04,0.05,20,True,30,4,100,50,0.75,62,45
168,84,2,0,20,20,0.04,0.05,20,True,30,4,50,150,0.75,150,50
169,84,2,10,20,20,0.04,0.05,20,True,30,4,50,150,0.75,157,10
170,85,2,0,20,20,0.04,0.05,20,True,30,4,100,50,0.0,50,100
171,85,2,10,20,20,0.04,0.05,20,True,30,4,100,50,0.0,41,59
172,86,2,0,20,20,0.04,0.05,20,True,30,4,100,50,0.25,50,100
173,86,2,10,20,20,0.04,0.05,20,True,30,4,100,50,0.25,56,45
174,87,2,0,20,20,0.04,0.05,20,True,30,4,100,50,0.5,50,100
175,87,2,10,20,20,0.04,0.05,20,True,30,4,100,50,0.5,55,43
176,88,2,0,20,20,0.04,0.05,20,True,30,4,100,100,0.0,100,100
177,88,2,10,20,20,0.04,0.05,20,True,30,4,100,100,0.0,98,63
178,89,2,0,20,20,0.04,0.05,20,True,30,4,100,100,0.25,100,100
179,89,2,10,20,20,0.04,0.05,20,True,30,4,100,100,0.25,117,54
180,90,2,0,20,20,0.04,0.05,20,True,30,4,100,100,0.75,100,100
181,90,2,10,20,20,0.04,0.05,20,True,30,4,100,100,0.75,126,24
182,91,2,0,20,20,0.04,0.05,20,True,30,4,100,100,0.5,100,100
183,91,2,10,20,20,0.04,0.05,20,True,30,4,100,100,0.5,126,31
184,92,2,0,20,20,0.04,0.05,20,True,30,4,100,150,0.25,150,100
185,92,2,10,20,20,0.04,0.05,20,True,30,4,100,150,0.25,156,54
186,93,2,0,20,20,0.04,0.05,20,True,30,4,100,150,0.0,150,100
187,93,2,10,20,20,0.04,0.05,20,True,30,4,100,150,0.0,147,69
188,94,2,0,20,20,0.04,0.05,20,True,30,4,100,150,0.75,150,100
189,94,2,10,20,20,0.04,0.05,20,True,30,4,100,150,0.75,177,22
190,95,2,0,20,20,0.04,0.05,20,True,30,4,100,150,0.5,150,100
191,95,2,10,20,20,0.04,0.05,20,True,30,4,100,150,0.5,168,42
192,96,2,0,20,20,0.04,0.05,20,True,30,4,150,50,0.0,50,150
193,96,2,10,20,20,0.04,0.05,20,True,30,4,150,50,0.0,46,78
194,97,2,0,20,20,0.04,0.05,20,True,30,4,150,50,0.5,50,150
195,97,2,10,20,20,0.04,0.05,20,True,30,4,150,50,0.5,64,53
196,98,2,0,20,20,0.04,0.05,20,True,30,4,150,50,0.25,50,150
197,98,2,10,20,20,0.04,0.05,20,True,30,4,150,50,0.25,57,67
198,99,2,0,20,20,0.04,0.05,20,True,30,4,150,100,0.0,100,150
199,99,2,10,20,20,0.04,0.05,20,True,30,4,150,100,0.0,100,75
200,100,2,0,20,20,0.04,0.05,20,True,30,4,150,50,0.75,50,150
201,100,2,10,20,20,0.04,0.05,20,True,30,4,150,50,0.75,77,34
202,101,2,0,20,20,0.04,0.05,20,True,30,4,150,100,0.5,100,150
203,101,2,10,20,20,0.04,0.05,20,True,30,4,150,100,0.5,126,36
204,102,2,0,20,20,0.04,0.05,20,True,30,4,150,100,0.25,100,150
205,102,2,10,20,20,0.04,0.05,20,True,30,4,150,100,0.25,97,65
206,103,2,0,20,20,0.04,0.05,20,True,30,4,150,100,0.75,100,150
207,103,2,10,20,20,0.04,0.05,20,True,30,4,150,100,0.75,128,26
208,104,3,0,20,20,0.04,0.05,20,True,30,4,50,50,0.0,50,50
209,104,3,10,20,20,0.04,0.05,20,True,30,4,50,50,0.0,43,43
210,105,2,0,20,20,0.04,0.05,20,True,30,4,150,150,0.0,150,150
211,105,2,10,20,20,0.04,0.05,20,True,30,4,150,150,0.0,151,74
212,106,3,0,20,20,0.04,0.05,20,True,30,4,50,50,0.5,50,50
213,106,3,10,20,20,0.04,0.05,20,True,30,4,50,50,0.5,55,26
214,107,3,0,20,20,0.04,0.05,20,True,30,4,50,50,0.25,50,50
215,107,3,10,20,20,0.04,0.05,20,True,30,4,50,50,0.25,55,48
216,108,3,0,20,20,0.04,0.05,20,True,30,4,50,50,0.75,50,50
217,108,3,10,20,20,0.04,0.05,20,True,30,4,50,50,0.75,66,16
218,109,2,0,20,20,0.04,0.05,20,True,30,4,150,150,0.5,150,150
219,109,2,10,20,20,0.04,0.05,20,True,30,4,150,150,0.5,185,52
220,110,3,0,20,20,0.04,0.05,20,True,30,4,50,100,0.0,100,50
221,110,3,10,20,20,0.04,0.05,20,True,30,4,50,100,0.0,97,38
222,111,3,0,20,20,0.04,0.05,20,True,30,4,50,100,0.25,100,50
223,111,3,10,20,20,0.04,0.05,20,True,30,4,50,100,0.25,97,40
224,112,2,0,20,20,0.04,0.05,20,True,30,4,150,150,0.25,150,150
225,112,2,10,20,20,0.04,0.05,20,True,30,4,150,150,0.25,151,58
226,113,2,0,20,20,0.04,0.05,20,True,30,4,150,150,0.75,150,150
227,113,2,10,20,20,0.04,0.05,20,True,30,4,150,150,0.75,192,17
228,114,3,0,20,20,0.04,0.05,20,True,30,4,50,100,0.75,100,50
229,114,3,10,20,20,0.04,0.05,20,True,30,4,50,100,0.75,104,16
230,115,3,0,20,20,0.04,0.05,20,True,30,4,50,100,0.5,100,50
231,115,3,10,20,20,0.04,0.05,20,True,30,4,50,100,0.5,102,24
232,116,3,0,20,20,0.04,0.05,20,True,30,4,50,150,0.25,150,50
233,116,3,10,20,20,0.04,0.05,20,True,30,4,50,150,0.25,148,26
234,117,3,0,20,20,0.04,0.05,20,True,30,4,100,50,0.25,50,100
235,117,3,10,20,20,0.04,0.05,20,True,30,4,100,50,0.25,63,44
236,118,3,0,20,20,0.04,0.05,20,True,30,4,50,150,0.0,150,50
237,118,3,10,20,20,0.04,0.05,20,True,30,4,50,150,0.0,151,44
238,119,3,0,20,20,0.04,0.05,20,True,30,4,50,150,0.75,150,50
239,119,3,10,20,20,0.04,0.05,20,True,30,4,50,150,0.75,163,16
240,120,3,0,20,20,0.04,0.05,20,True,30,4,100,50,0.0,50,100
241,120,3,10,20,20,0.04,0.05,20,True,30,4,100,50,0.0,48,74
242,121,3,0,20,20,0.04,0.05,20,True,30,4,100,50,0.75,50,100
243,121,3,10,20,20,0.04,0.05,20,True,30,4,100,50,0.75,63,41
244,122,3,0,20,20,0.04,0.05,20,True,30,4,100,50,0.5,50,100
245,122,3,10,20,20,0.04,0.05,20,True,30,4,100,50,0.5,56,46
246,123,3,0,20,20,0.04,0.05,20,True,30,4,100,100,0.25,100,100
247,123,3,10,20,20,0.04,0.05,20,True,30,4,100,100,0.25,113,46
248,124,3,0,20,20,0.04,0.05,20,True,30,4,100,100,0.5,100,100
249,124,3,10,20,20,0.04,0.05,20,True,30,4,100,100,0.5,108,35
250,125,3,0,20,20,0.04,0.05,20,True,30,4,50,150,0.5,150,50
251,125,3,10,20,20,0.04,0.05,20,True,30,4,50,150,0.5,176,25
252,126,3,0,20,20,0.04,0.05,20,True,30,4,100,150,0.0,150,100
253,126,3,10,20,20,0.04,0.05,20,True,30,4,100,150,0.0,184,61
254,127,3,0,20,20,0.04,0.05,20,True,30,4,100,100,0.75,100,100
255,127,3,10,20,20,0.04,0.05,20,True,30,4,100,100,0.75,118,25
256,128,3,0,20,20,0.04,0.05,20,True,30,4,100,150,0.5,150,100
257,128,3,10,20,20,0.04,0.05,20,True,30,4,100,150,0.5,144,44
258,129,3,0,20,20,0.04,0.05,20,True,30,4,100,150,0.25,150,100
259,129,3,10,20,20,0.04,0.05,20,True,30,4,100,150,0.25,164,55
260,130,3,0,20,20,0.04,0.05,20,True,30,4,100,150,0.75,150,100
261,130,3,10,20,20,0.04,0.05,20,True,30,4,100,150,0.75,181,21
262,131,3,0,20,20,0.04,0.05,20,True,30,4,150,50,0.25,50,150
263,131,3,10,20,20,0.04,0.05,20,True,30,4,150,50,0.25,53,71
264,132,3,0,20,20,0.04,0.05,20,True,30,4,150,50,0.5,50,150
265,132,3,10,20,20,0.04,0.05,20,True,30,4,150,50,0.5,62,46
266,133,3,0,20,20,0.04,0.05,20,True,30,4,100,100,0.0,100,100
267,133,3,10,20,20,0.04,0.05,20,True,30,4,100,100,0.0,108,66
268,134,3,0,20,20,0.04,0.05,20,True,30,4,150,50,0.0,50,150
269,134,3,10,20,20,0.04,0.05,20,True,30,4,150,50,0.0,49,72
270,135,3,0,20,20,0.04,0.05,20,True,30,4,150,50,0.75,50,150
271,135,3,10,20,20,0.04,0.05,20,True,30,4,150,50,0.75,68,53
272,136,3,0,20,20,0.04,0.05,20,True,30,4,150,100,0.0,100,150
273,136,3,10,20,20,0.04,0.05,20,True,30,4,150,100,0.0,101,81
274,137,3,0,20,20,0.04,0.05,20,True,30,4,150,100,0.25,100,150
275,137,3,10,20,20,0.04,0.05,20,True,30,4,150,100,0.25,113,72
276,138,3,0,20,20,0.04,0.05,20,True,30,4,150,100,0.5,100,150
277,138,3,10,20,20,0.04,0.05,20,True,30,4,150,100,0.5,124,61
278,139,3,0,20,20,0.04,0.05,20,True,30,4,150,100,0.75,100,150
279,139,3,10,20,20,0.04,0.05,20,True,30,4,150,100,0.75,138,31
280,140,4,0,20,20,0.04,0.05,20,True,30,4,50,50,0.0,50,50
281,140,4,10,20,20,0.04,0.05,20,True,30,4,50,50,0.0,48,51
282,141,3,0,20,20,0.04,0.05,20,True,30,4,150,150,0.0,150,150
283,141,3,10,20,20,0.04,0.05,20,True,30,4,150,150,0.0,160,72
284,142,4,0,20,20,0.04,0.05,20,True,30,4,50,50,0.25,50,50
285,142,4,10,20,20,0.04,0.05,20,True,30,4,50,50,0.25,41,36
286,143,3,0,20,20,0.04,0.05,20,True,30,4,150,150,0.25,150,150
287,143,3,10,20,20,0.04,0.05,20,True,30,4,150,150,0.25,161,60
288,144,4,0,20,20,0.04,0.05,20,True,30,4,50,50,0.5,50,50
289,144,4,10,20,20,0.04,0.05,20,True,30,4,50,50,0.5,62,28
290,145,3,0,20,20,0.04,0.05,20,True,30,4,150,150,0.75,150,150
291,145,3,10,20,20,0.04,0.05,20,True,30,4,150,150,0.75,209,21
292,146,3,0,20,20,0.04,0.05,20,True,30,4,150,150,0.5,150,150
293,146,3,10,20,20,0.04,0.05,20,True,30,4,150,150,0.5,195,48
294,147,4,0,20,20,0.04,0.05,20,True,30,4,50,50,0.75,50,50
295,147,4,10,20,20,0.04,0.05,20,True,30,4,50,50,0.75,62,23
296,148,4,0,20,20,0.04,0.05,20,True,30,4,50,100,0.0,100,50
297,148,4,10,20,20,0.04,0.05,20,True,30,4,50,100,0.0,95,46
298,149,4,0,20,20,0.04,0.05,20,True,30,4,50,100,0.75,100,50
299,149,4,10,20,20,0.04,0.05,20,True,30,4,50,100,0.75,114,14
300,150,4,0,20,20,0.04,0.05,20,True,30,4,50,100,0.5,100,50
301,150,4,10,20,20,0.04,0.05,20,True,30,4,50,100,0.5,121,30
302,151,4,0,20,20,0.04,0.05,20,True,30,4,50,100,0.25,100,50
303,151,4,10,20,20,0.04,0.05,20,True,30,4,50,100,0.25,105,43
304,152,4,0,20,20,0.04,0.05,20,True,30,4,50,150,0.0,150,50
305,152,4,10,20,20,0.04,0.05,20,True,30,4,50,150,0.0,166,48
306,153,4,0,20,20,0.04,0.05,20,True,30,4,50,150,0.25,150,50
307,153,4,10,20,20,0.04,0.05,20,True,30,4,50,150,0.25,141,31
308,154,4,0,20,20,0.04,0.05,20,True,30,4,50,150,0.5,150,50
309,154,4,10,20,20,0.04,0.05,20,True,30,4,50,150,0.5,171,21
310,155,4,0,20,20,0.04,0.05,20,True,30,4,100,50,0.25,50,100
311,155,4,10,20,20,0.04,0.05,20,True,30,4,100,50,0.25,48,59
312,156,4,0,20,20,0.04,0.05,20,True,30,4,100,50,0.0,50,100
313,156,4,10,20,20,0.04,0.05,20,True,30,4,100,50,0.0,45,72
314,157,4,0,20,20,0.04,0.05,20,True,30,4,100,50,0.75,50,100
315,157,4,10,20,20,0.04,0.05,20,True,30,4,100,50,0.75,64,42
316,158,4,0,20,20,0.04,0.05,20,True,30,4,50,150,0.75,150,50
317,158,4,10,20,20,0.04,0.05,20,True,30,4,50,150,0.75,159,12
318,159,4,0,20,20,0.04,0.05,20,True,30,4,100,50,0.5,50,100
319,159,4,10,20,20,0.04,0.05,20,True,30,4,100,50,0.5,71,51
320,160,4,0,20,20,0.04,0.05,20,True,30,4,100,100,0.0,100,100
321,160,4,10,20,20,0.04,0.05,20,True,30,4,100,100,0.0,89,60
322,161,4,0,20,20,0.04,0.05,20,True,30,4,100,100,0.25,100,100
323,161,4,10,20,20,0.04,0.05,20,True,30,4,100,100,0.25,112,62
324,162,4,0,20,20,0.04,0.05,20,True,30,4,100,100,0.5,100,100
325,162,4,10,20,20,0.04,0.05,20,True,30,4,100,100,0.5,106,56
326,163,4,0,20,20,0.04,0.05,20,True,30,4,100,100,0.75,100,100
327,163,4,10,20,20,0.04,0.05,20,True,30,4,100,100,0.75,128,32
328,164,4,0,20,20,0.04,0.05,20,True,30,4,100,150,0.0,150,100
329,164,4,10,20,20,0.04,0.05,20,True,30,4,100,150,0.0,152,68
330,165,4,0,20,20,0.04,0.05,20,True,30,4,150,50,0.0,50,150
331,165,4,10,20,20,0.04,0.05,20,True,30,4,150,50,0.0,59,71
332,166,4,0,20,20,0.04,0.05,20,True,30,4,100,150,0.25,150,100
333,166,4,10,20,20,0.04,0.05,20,True,30,4,100,150,0.25,188,45
334,167,4,0,20,20,0.04,0.05,20,True,30,4,100,150,0.5,150,100
335,167,4,10,20,20,0.04,0.05,20,True,30,4,100,150,0.5,161,28
336,168,4,0,20,20,0.04,0.05,20,True,30,4,100,150,0.75,150,100
337,168,4,10,20,20,0.04,0.05,20,True,30,4,100,150,0.75,171,18
338,169,4,0,20,20,0.04,0.05,20,True,30,4,150,50,0.75,50,150
339,169,4,10,20,20,0.04,0.05,20,True,30,4,150,50,0.75,71,39
340,170,4,0,20,20,0.04,0.05,20,True,30,4,150,50,0.25,50,150
341,170,4,10,20,20,0.04,0.05,20,True,30,4,150,50,0.25,62,66
342,171,4,0,20,20,0.04,0.05,20,True,30,4,150,50,0.5,50,150
343,171,4,10,20,20,0.04,0.05,20,True,30,4,150,50,0.5,58,51
344,172,4,0,20,20,0.04,0.05,20,True,30,4,150,100,0.0,100,150
345,172,4,10,20,20,0.04,0.05,20,True,30,4,150,100,0.0,85,79
346,173,4,0,20,20,0.04,0.05,20,True,30,4,150,100,0.5,100,150
347,173,4,10,20,20,0.04,0.05,20,True,30,4,150,100,0.5,122,52
348,174,4,0,20,20,0.04,0.05,20,True,30,4,150,100,0.25,100,150
349,174,4,10,20,20,0.04,0.05,20,True,30,4,150,100,0.25,118,67
350,175,4,0,20,20,0.04,0.05,20,True,30,4,150,150,0.25,150,150
351,175,4,10,20,20,0.04,0.05,20,True,30,4,150,150,0.25,165,72
352,176,4,0,20,20,0.04,0.05,20,True,30,4,150,150,0.5,150,150
353,176,4,10,20,20,0.04,0.05,20,True,30,4,150,150,0.5,175,39
354,177,4,0,20,20,0.04,0.05,20,True,30,4,150,150,0.75,150,150
355,177,4,10,20,20,0.04,0.05,20,True,30,4,150,150,0.75,215,26
356,178,4,0,20,20,0.04,0.05,20,True,30,4,150,150,0.0,150,150
357,178,4,10,20,20,0.04,0.05,20,True,30,4,150,150,0.0,143,79
358,179,5,0,20,20,0.04,0.05,20,True,30,4,50,50,0.0,50,50
359,179,5,10,20,20,0.04,0.05,20,True,30,4,50,50,0.0,55,41
360,180,5,0,20,20,0.04,0.05,20,True,30,4,50,50,0.75,50,50
361,180,5,10,20,20,0.04,0.05,20,True,30,4,50,50,0.75,56,27
362,181,5,0,20,20,0.04,0.05,20,True,30,4,50,50,0.5,50,50
363,181,5,10,20,20,0.04,0.05,20,True,30,4,50,50,0.5,51,33
364,182,5,0,20,20,0.04,0.05,20,True,30,4,50,50,0.25,50,50
365,182,5,10,20,20,0.04,0.05,20,True,30,4,50,50,0.25,51,38
366,183,5,0,20,20,0.04,0.05,20,True,30,4,50,100,0.5,100,50
367,183,5,10,20,20,0.04,0.05,20,True,30,4,50,100,0.5,110,28
368,184,5,0,20,20,0.04,0.05,20,True,30,4,50,100,0.0,100,50
369,184,5,10,20,20,0.04,0.05,20,True,30,4,50,100,0.0,88,47
370,185,4,0,20,20,0.04,0.05,20,True,30,4,150,100,0.75,100,150
371,185,4,10,20,20,0.04,0.05,20,True,30,4,150,100,0.75,144,31
372,186,5,0,20,20,0.04,0.05,20,True,30,4,50,100,0.25,100,50
373,186,5,10,20,20,0.04,0.05,20,True,30,4,50,100,0.25,112,35
374,187,5,0,20,20,0.04,0.05,20,True,30,4,50,100,0.75,100,50
375,187,5,10,20,20,0.04,0.05,20,True,30,4,50,100,0.75,127,19
376,188,5,0,20,20,0.04,0.05,20,True,30,4,50,150,0.25,150,50
377,188,5,10,20,20,0.04,0.05,20,True,30,4,50,150,0.25,140,29
378,189,5,0,20,20,0.04,0.05,20,True,30,4,50,150,0.0,150,50
379,189,5,10,20,20,0.04,0.05,20,True,30,4,50,150,0.0,136,47
380,190,5,0,20,20,0.04,0.05,20,True,30,4,50,150,0.5,150,50
381,190,5,10,20,20,0.04,0.05,20,True,30,4,50,150,0.5,161,26
382,191,5,0,20,20,0.04,0.05,20,True,30,4,100,50,0.75,50,100
383,191,5,10,20,20,0.04,0.05,20,True,30,4,100,50,0.75,57,39
384,192,5,0,20,20,0.04,0.05,20,True,30,4,100,50,0.25,50,100
385,192,5,10,20,20,0.04,0.05,20,True,30,4,100,50,0.25,63,67
386,193,5,0,20,20,0.04,0.05,20,True,30,4,100,50,0.5,50,100
387,193,5,10,20,20,0.04,0.05,20,True,30,4,100,50,0.5,62,54
388,194,5,0,20,20,0.04,0.05,20,True,30,4,100,100,0.25,100,100
389,194,5,10,20,20,0.04,0.05,20,True,30,4,100,100,0.25,120,52
390,195,5,0,20,20,0.04,0.05,20,True,30,4,100,100,0.0,100,100
391,195,5,10,20,20,0.04,0.05,20,True,30,4,100,100,0.0,103,71
392,196,5,0,20,20,0.04,0.05,20,True,30,4,100,100,0.5,100,100
393,196,5,10,20,20,0.04,0.05,20,True,30,4,100,100,0.5,125,41
394,197,5,0,20,20,0.04,0.05,20,True,30,4,100,50,0.0,50,100
395,197,5,10,20,20,0.04,0.05,20,True,30,4,100,50,0.0,50,83
396,198,5,0,20,20,0.04,0.05,20,True,30,4,100,100,0.75,100,100
397,198,5,10,20,20,0.04,0.05,20,True,30,4,100,100,0.75,98,27
398,199,5,0,20,20,0.04,0.05,20,True,30,4,50,150,0.75,150,50
399,199,5,10,20,20,0.04,0.05,20,True,30,4,50,150,0.75,171,14
400,200,5,0,20,20,0.04,0.05,20,True,30,4,100,150,0.25,150,100
401,200,5,10,20,20,0.04,0.05,20,True,30,4,100,150,0.25,171,49
402,201,5,0,20,20,0.04,0.05,20,True,30,4,100,150,0.0,150,100
403,201,5,10,20,20,0.04,0.05,20,True,30,4,100,150,0.0,137,71
404,202,5,0,20,20,0.04,0.05,20,True,30,4,100,150,0.75,150,100
405,202,5,10,20,20,0.04,0.05,20,True,30,4,100,150,0.75,159,19
406,203,5,0,20,20,0.04,0.05,20,True,30,4,150,50,0.0,50,150
407,203,5,10,20,20,0.04,0.05,20,True,30,4,150,50,0.0,62,77
408,204,5,0,20,20,0.04,0.05,20,True,30,4,150,50,0.25,50,150
409,204,5,10,20,20,0.04,0.05,20,True,30,4,150,50,0.25,68,52
410,205,5,0,20,20,0.04,0.05,20,True,30,4,100,150,0.5,150,100
411,205,5,10,20,20,0.04,0.05,20,True,30,4,100,150,0.5,160,31
412,206,5,0,20,20,0.04,0.05,20,True,30,4,150,50,0.75,50,150
413,206,5,10,20,20,0.04,0.05,20,True,30,4,150,50,0.75,65,41
414,207,5,0,20,20,0.04,0.05,20,True,30,4,150,50,0.5,50,150
415,207,5,10,20,20,0.04,0.05,20,True,30,4,150,50,0.5,70,45
416,208,5,0,20,20,0.04,0.05,20,True,30,4,150,100,0.0,100,150
417,208,5,10,20,20,0.04,0.05,20,True,30,4,150,100,0.0,101,89
418,209,5,0,20,20,0.04,0.05,20,True,30,4,150,100,0.25,100,150
419,209,5,10,20,20,0.04,0.05,20,True,30,4,150,100,0.25,125,57
420,210,6,0,20,20,0.04,0.05,20,True,30,4,50,50,0.0,50,50
421,210,6,10,20,20,0.04,0.05,20,True,30,4,50,50,0.0,59,48
422,211,5,0,20,20,0.04,0.05,20,True,30,4,150,100,0.75,100,150
423,211,5,10,20,20,0.04,0.05,20,True,30,4,150,100,0.75,128,34
424,212,5,0,20,20,0.04,0.05,20,True,30,4,150,100,0.5,100,150
425,212,5,10,20,20,0.04,0.05,20,True,30,4,150,100,0.5,126,54
426,213,5,0,20,20,0.04,0.05,20,True,30,4,150,150,0.75,150,150
427,213,5,10,20,20,0.04,0.05,20,True,30,4,150,150,0.75,181,26
428,214,6,0,20,20,0.04,0.05,20,True,30,4,50,50,0.25,50,50
429,214,6,10,20,20,0.04,0.05,20,True,30,4,50,50,0.25,55,39
430,215,6,0,20,20,0.04,0.05,20,True,30,4,50,50,0.75,50,50
431,215,6,10,20,20,0.04,0.05,20,True,30,4,50,50,0.75,56,27
432,216,6,0,20,20,0.04,0.05,20,True,30,4,50,50,0.5,50,50
433,216,6,10,20,20,0.04,0.05,20,True,30,4,50,50,0.5,54,38
434,217,5,0,20,20,0.04,0.05,20,True,30,4,150,150,0.5,150,150
435,217,5,10,20,20,0.04,0.05,20,True,30,4,150,150,0.5,201,41
436,218,5,0,20,20,0.04,0.05,20,True,30,4,150,150,0.0,150,150
437,218,5,10,20,20,0.04,0.05,20,True,30,4,150,150,0.0,148,75
438,219,6,0,20,20,0.04,0.05,20,True,30,4,50,100,0.25,100,50
439,219,6,10,20,20,0.04,0.05,20,True,30,4,50,100,0.25,90,43
440,220,5,0,20,20,0.04,0.05,20,True,30,4,150,150,0.25,150,150
441,220,5,10,20,20,0.04,0.05,20,True,30,4,150,150,0.25,154,58
442,221,6,0,20,20,0.04,0.05,20,True,30,4,50,100,0.0,100,50
443,221,6,10,20,20,0.04,0.05,20,True,30,4,50,100,0.0,86,41
444,222,6,0,20,20,0.04,0.05,20,True,30,4,50,100,0.75,100,50
445,222,6,10,20,20,0.04,0.05,20,True,30,4,50,100,0.75,141,18
446,223,6,0,20,20,0.04,0.05,20,True,30,4,50,100,0.5,100,50
447,223,6,10,20,20,0.04,0.05,20,True,30,4,50,100,0.5,107,31
448,224,6,0,20,20,0.04,0.05,20,True,30,4,50,150,0.0,150,50
449,224,6,10,20,20,0.04,0.05,20,True,30,4,50,150,0.0,150,44
450,225,6,0,20,20,0.04,0.05,20,True,30,4,50,150,0.5,150,50
451,225,6,10,20,20,0.04,0.05,20,True,30,4,50,150,0.5,177,25
452,226,6,0,20,20,0.04,0.05,20,True,30,4,50,150,0.25,150,50
453,226,6,10,20,20,0.04,0.05,20,True,30,4,50,150,0.25,154,34
454,227,6,0,20,20,0.04,0.05,20,True,30,4,50,150,0.75,150,50
455,227,6,10,20,20,0.04,0.05,20,True,30,4,50,150,0.75,147,12
456,228,6,0,20,20,0.04,0.05,20,True,30,4,100,50,0.0,50,100
457,228,6,10,20,20,0.04,0.05,20,True,30,4,100,50,0.0,48,69
458,229,6,0,20,20,0.04,0.05,20,True,30,4,100,50,0.25,50,100
459,229,6,10,20,20,0.04,0.05,20,True,30,4,100,50,0.25,63,69
460,230,6,0,20,20,0.04,0.05,20,True,30,4,100,50,0.75,50,100
461,230,6,10,20,20,0.04,0.05,20,True,30,4,100,50,0.75,66,27
462,231,6,0,20,20,0.04,0.05,20,True,30,4,100,100,0.0,100,100
463,231,6,10,20,20,0.04,0.05,20,True,30,4,100,100,0.0,95,69
464,232,6,0,20,20,0.04,0.05,20,True,30,4,100,100,0.75,100,100
465,232,6,10,20,20,0.04,0.05,20,True,30,4,100,100,0.75,120,21
466,233,6,0,20,20,0.04,0.05,20,True,30,4,100,100,0.25,100,100
467,233,6,10,20,20,0.04,0.05,20,True,30,4,100,100,0.25,120,66
468,234,6,0,20,20,0.04,0.05,20,True,30,4,100,100,0.5,100,100
469,234,6,10,20,20,0.04,0.05,20,True,30,4,100,100,0.5,118,31
470,235,6,0,20,20,0.04,0.05,20,True,30,4,100,150,0.0,150,100
471,235,6,10,20,20,0.04,0.05,20,True,30,4,100,150,0.0,160,70
472,236,6,0,20,20,0.04,0.05,20,True,30,4,100,50,0.5,50,100
473,236,6,10,20,20,0.04,0.05,20,True,30,4,100,50,0.5,56,45
474,237,6,0,20,20,0.04,0.05,20,True,30,4,100,150,0.5,150,100
475,237,6,10,20,20,0.04,0.05,20,True,30,4,100,150,0.5,161,35
476,238,6,0,20,20,0.04,0.05,20,True,30,4,100,150,0.75,150,100
477,238,6,10,20,20,0.04,0.05,20,True,30,4,100,150,0.75,186,25
478,239,6,0,20,20,0.04,0.05,20,True,30,4,100,150,0.25,150,100
479,239,6,10,20,20,0.04,0.05,20,True,30,4,100,150,0.25,158,51
480,240,6,0,20,20,0.04,0.05,20,True,30,4,150,50,0.0,50,150
481,240,6,10,20,20,0.04,0.05,20,True,30,4,150,50,0.0,45,69
482,241,6,0,20,20,0.04,0.05,20,True,30,4,150,50,0.75,50,150
483,241,6,10,20,20,0.04,0.05,20,True,30,4,150,50,0.75,57,49
484,242,6,0,20,20,0.04,0.05,20,True,30,4,150,50,0.5,50,150
485,242,6,10,20,20,0.04,0.05,20,True,30,4,150,50,0.5,64,57
486,243,6,0,20,20,0.04,0.05,20,True,30,4,150,100,0.0,100,150
487,243,6,10,20,20,0.04,0.05,20,True,30,4,150,100,0.0,102,67
488,244,6,0,20,20,0.04,0.05,20,True,30,4,150,100,0.25,100,150
489,244,6,10,20,20,0.04,0.05,20,True,30,4,150,100,0.25,118,66
490,245,6,0,20,20,0.04,0.05,20,True,30,4,150,50,0.25,50,150
491,245,6,10,20,20,0.04,0.05,20,True,30,4,150,50,0.25,63,63
492,246,6,0,20,20,0.04,0.05,20,True,30,4,150,100,0.75,100,150
493,246,6,10,20,20,0.04,0.05,20,True,30,4,150,100,0.75,106,33
494,247,6,0,20,20,0.04,0.05,20,True,30,4,150,100,0.5,100,150
495,247,6,10,20,20,0.04,0.05,20,True,30,4,150,100,0.5,122,53
496,248,7,0,20,20,0.04,0.05,20,True,30,4,50,50,0.25,50,50
497,248,7,10,20,20,0.04,0.05,20,True,30,4,50,50,0.25,57,37
498,249,7,0,20,20,0.04,0.05,20,True,30,4,50,50,0.5,50,50
499,249,7,10,20,20,0.04,0.05,20,True,30,4,50,50,0.5,53,34
500,250,7,0,20,20,0.04,0.05,20,True,30,4,50,50,0.75,50,50
501,250,7,10,20,20,0.04,0.05,20,True,30,4,50,50,0.75,56,26
502,251,6,0,20,20,0.04,0.05,20,True,30,4,150,150,0.75,150,150
503,251,6,10,20,20,0.04,0.05,20,True,30,4,150,150,0.75,204,23
504,252,7,0,20,20,0.04,0.05,20,True,30,4,50,100,0.0,100,50
505,252,7,10,20,20,0.04,0.05,20,True,30,4,50,100,0.0,92,49
506,253,6,0,20,20,0.04,0.05,20,True,30,4,150,150,0.25,150,150
507,253,6,10,20,20,0.04,0.05,20,True,30,4,150,150,0.25,165,58
508,254,7,0,20,20,0.04,0.05,20,True,30,4,50,50,0.0,50,50
509,254,7,10,20,20,0.04,0.05,20,True,30,4,50,50,0.0,45,50
510,255,6,0,20,20,0.04,0.05,20,True,30,4,150,150,0.5,150,150
511,255,6,10,20,20,0.04,0.05,20,True,30,4,150,150,0.5,190,44
512,256,7,0,20,20,0.04,0.05,20,True,30,4,50,100,0.75,100,50
513,256,7,10,20,20,0.04,0.05,20,True,30,4,50,100,0.75,111,12
514,257,7,0,20,20,0.04,0.05,20,True,30,4,50,100,0.25,100,50
515,257,7,10,20,20,0.04,0.05,20,True,30,4,50,100,0.25,102,36
516,258,6,0,20,20,0.04,0.05,20,True,30,4,150,150,0.0,150,150
517,258,6,10,20,20,0.04,0.05,20,True,30,4,150,150,0.0,160,72
518,259,7,0,20,20,0.04,0.05,20,True,30,4,50,150,0.25,150,50
519,259,7,10,20,20,0.04,0.05,20,True,30,4,50,150,0.25,161,37
520,260,7,0,20,20,0.04,0.05,20,True,30,4,50,100,0.5,100,50
521,260,7,10,20,20,0.04,0.05,20,True,30,4,50,100,0.5,88,26
522,261,7,0,20,20,0.04,0.05,20,True,30,4,100,50,0.25,50,100
523,261,7,10,20,20,0.04,0.05,20,True,30,4,100,50,0.25,47,51
524,262,7,0,20,20,0.04,0.05,20,True,30,4,50,150,0.5,150,50
525,262,7,10,20,20,0.04,0.05,20,True,30,4,50,150,0.5,155,19
526,263,7,0,20,20,0.04,0.05,20,True,30,4,50,150,0.75,150,50
527,263,7,10,20,20,0.04,0.05,20,True,30,4,50,150,0.75,167,10
528,264,7,0,20,20,0.04,0.05,20,True,30,4,100,50,0.75,50,100
529,264,7,10,20,20,0.04,0.05,20,True,30,4,100,50,0.75,55,38
530,265,7,0,20,20,0.04,0.05,20,True,30,4,100,50,0.5,50,100
531,265,7,10,20,20,0.04,0.05,20,True,30,4,100,50,0.5,63,47
532,266,7,0,20,20,0.04,0.05,20,True,30,4,100,50,0.0,50,100
533,266,7,10,20,20,0.04,0.05,20,True,30,4,100,50,0.0,55,73
534,267,7,0,20,20,0.04,0.05,20,True,30,4,100,100,0.0,100,100
535,267,7,10,20,20,0.04,0.05,20,True,30,4,100,100,0.0,95,72
536,268,7,0,20,20,0.04,0.05,20,True,30,4,50,150,0.0,150,50
537,268,7,10,20,20,0.04,0.05,20,True,30,4,50,150,0.0,148,38
538,269,7,0,20,20,0.04,0.05,20,True,30,4,100,100,0.25,100,100
539,269,7,10,20,20,0.04,0.05,20,True,30,4,100,100,0.25,106,55
540,270,7,0,20,20,0.04,0.05,20,True,30,4,100,100,0.75,100,100
541,270,7,10,20,20,0.04,0.05,20,True,30,4,100,100,0.75,121,23
542,271,7,0,20,20,0.04,0.05,20,True,30,4,100,100,0.5,100,100
543,271,7,10,20,20,0.04,0.05,20,True,30,4,100,100,0.5,101,43
544,272,7,0,20,20,0.04,0.05,20,True,30,4,100,150,0.0,150,100
545,272,7,10,20,20,0.04,0.05,20,True,30,4,100,150,0.0,154,64
546,273,7,0,20,20,0.04,0.05,20,True,30,4,100,150,0.75,150,100
547,273,7,10,20,20,0.04,0.05,20,True,30,4,100,150,0.75,166,14
548,274,7,0,20,20,0.04,0.05,20,True,30,4,150,50,0.25,50,150
549,274,7,10,20,20,0.04,0.05,20,True,30,4,150,50,0.25,61,63
550,275,7,0,20,20,0.04,0.05,20,True,30,4,150,50,0.5,50,150
551,275,7,10,20,20,0.04,0.05,20,True,30,4,150,50,0.5,64,58
552,276,7,0,20,20,0.04,0.05,20,True,30,4,150,50,0.75,50,150
553,276,7,10,20,20,0.04,0.05,20,True,30,4,150,50,0.75,54,51
554,277,7,0,20,20,0.04,0.05,20,True,30,4,100,150,0.25,150,100
555,277,7,10,20,20,0.04,0.05,20,True,30,4,100,150,0.25,156,65
556,278,7,0,20,20,0.04,0.05,20,True,30,4,150,100,0.0,100,150
557,278,7,10,20,20,0.04,0.05,20,True,30,4,150,100,0.0,118,69
558,279,7,0,20,20,0.04,0.05,20,True,30,4,100,150,0.5,150,100
559,279,7,10,20,20,0.04,0.05,20,True,30,4,100,150,0.5,157,33
560,280,7,0,20,20,0.04,0.05,20,True,30,4,150,100,0.25,100,150
561,280,7,10,20,20,0.04,0.05,20,True,30,4,150,100,0.25,113,63
562,281,7,0,20,20,0.04,0.05,20,True,30,4,150,150,0.5,150,150
563,281,7,10,20,20,0.04,0.05,20,True,30,4,150,150,0.5,182,50
564,282,7,0,20,20,0.04,0.05,20,True,30,4,150,100,0.5,100,150
565,282,7,10,20,20,0.04,0.05,20,True,30,4,150,100,0.5,108,58
566,283,7,0,20,20,0.04,0.05,20,True,30,4,150,100,0.75,100,150
567,283,7,10,20,20,0.04,0.05,20,True,30,4,150,100,0.75,127,30
568,284,7,0,20,20,0.04,0.05,20,True,30,4,150,150,0.0,150,150
569,284,7,10,20,20,0.04,0.05,20,True,30,4,150,150,0.0,162,78
570,285,8,0,20,20,0.04,0.05,20,True,30,4,50,50,0.5,50,50
571,285,8,10,20,20,0.04,0.05,20,True,30,4,50,50,0.5,56,27
572,286,8,0,20,20,0.04,0.05,20,True,30,4,50,50,0.0,50,50
573,286,8,10,20,20,0.04,0.05,20,True,30,4,50,50,0.0,54,36
574,287,8,0,20,20,0.04,0.05,20,True,30,4,50,50,0.75,50,50
575,287,8,10,20,20,0.04,0.05,20,True,30,4,50,50,0.75,56,22
576,288,8,0,20,20,0.04,0.05,20,True,30,4,50,50,0.25,50,50
577,288,8,10,20,20,0.04,0.05,20,True,30,4,50,50,0.25,45,44
578,289,7,0,20,20,0.04,0.05,20,True,30,4,150,150,0.25,150,150
579,289,7,10,20,20,0.04,0.05,20,True,30,4,150,150,0.25,149,58
580,290,7,0,20,20,0.04,0.05,20,True,30,4,150,150,0.75,150,150
581,290,7,10,20,20,0.04,0.05,20,True,30,4,150,150,0.75,194,26
582,291,7,0,20,20,0.04,0.05,20,True,30,4,150,50,0.0,50,150
583,291,7,10,20,20,0.04,0.05,20,True,30,4,150,50,0.0,60,86
584,292,8,0,20,20,0.04,0.05,20,True,30,4,50,100,0.75,100,50
585,292,8,10,20,20,0.04,0.05,20,True,30,4,50,100,0.75,97,20
586,293,8,0,20,20,0.04,0.05,20,True,30,4,50,150,0.0,150,50
587,293,8,10,20,20,0.04,0.05,20,True,30,4,50,150,0.0,155,39
588,294,8,0,20,20,0.04,0.05,20,True,30,4,50,100,0.25,100,50
589,294,8,10,20,20,0.04,0.05,20,True,30,4,50,100,0.25,109,49
590,295,8,0,20,20,0.04,0.05,20,True,30,4,50,100,0.5,100,50
591,295,8,10,20,20,0.04,0.05,20,True,30,4,50,100,0.5,120,21
592,296,8,0,20,20,0.04,0.05,20,True,30,4,50,150,0.5,150,50
593,296,8,10,20,20,0.04,0.05,20,True,30,4,50,150,0.5,176,24
594,297,8,0,20,20,0.04,0.05,20,True,30,4,50,100,0.0,100,50
595,297,8,10,20,20,0.04,0.05,20,True,30,4,50,100,0.0,92,40
596,298,8,0,20,20,0.04,0.05,20,True,30,4,50,150,0.25,150,50
597,298,8,10,20,20,0.04,0.05,20,True,30,4,50,150,0.25,147,27
598,299,8,0,20,20,0.04,0.05,20,True,30,4,100,50,0.25,50,100
599,299,8,10,20,20,0.04,0.05,20,True,30,4,100,50,0.25,52,57
600,300,8,0,20,20,0.04,0.05,20,True,30,4,100,50,0.0,50,100
601,300,8,10,20,20,0.04,0.05,20,True,30,4,100,50,0.0,46,67
602,301,8,0,20,20,0.04,0.05,20,True,30,4,100,50,0.75,50,100
603,301,8,10,20,20,0.04,0.05,20,True,30,4,100,50,0.75,69,34
604,302,8,0,20,20,0.04,0.05,20,True,30,4,100,50,0.5,50,100
605,302,8,10,20,20,0.04,0.05,20,True,30,4,100,50,0.5,60,46
606,303,8,0,20,20,0.04,0.05,20,True,30,4,50,150,0.75,150,50
607,303,8,10,20,20,0.04,0.05,20,True,30,4,50,150,0.75,164,14
608,304,8,0,20,20,0.04,0.05,20,True,30,4,100,100,0.25,100,100
609,304,8,10,20,20,0.04,0.05,20,True,30,4,100,100,0.25,120,55
610,305,8,0,20,20,0.04,0.05,20,True,30,4,100,100,0.5,100,100
611,305,8,10,20,20,0.04,0.05,20,True,30,4,100,100,0.5,116,43
612,306,8,0,20,20,0.04,0.05,20,True,30,4,100,100,0.0,100,100
613,306,8,10,20,20,0.04,0.05,20,True,30,4,100,100,0.0,101,68
614,307,8,0,20,20,0.04,0.05,20,True,30,4,100,100,0.75,100,100
615,307,8,10,20,20,0.04,0.05,20,True,30,4,100,100,0.75,117,27
616,308,8,0,20,20,0.04,0.05,20,True,30,4,100,150,0.75,150,100
617,308,8,10,20,20,0.04,0.05,20,True,30,4,100,150,0.75,179,25
618,309,8,0,20,20,0.04,0.05,20,True,30,4,150,50,0.25,50,150
619,309,8,10,20,20,0.04,0.05,20,True,30,4,150,50,0.25,50,69
620,310,8,0,20,20,0.04,0.05,20,True,30,4,150,50,0.0,50,150
621,310,8,10,20,20,0.04,0.05,20,True,30,4,150,50,0.0,63,82
622,311,8,0,20,20,0.04,0.05,20,True,30,4,100,150,0.0,150,100
623,311,8,10,20,20,0.04,0.05,20,True,30,4,100,150,0.0,148,63
624,312,8,0,20,20,0.04,0.05,20,True,30,4,150,50,0.75,50,150
625,312,8,10,20,20,0.04,0.05,20,True,30,4,150,50,0.75,64,38
626,313,8,0,20,20,0.04,0.05,20,True,30,4,100,150,0.25,150,100
627,313,8,10,20,20,0.04,0.05,20,True,30,4,100,150,0.25,178,56
628,314,8,0,20,20,0.04,0.05,20,True,30,4,150,50,0.5,50,150
629,314,8,10,20,20,0.04,0.05,20,True,30,4,150,50,0.5,59,56
630,315,8,0,20,20,0.04,0.05,20,True,30,4,150,100,0.75,100,150
631,315,8,10,20,20,0.04,0.05,20,True,30,4,150,100,0.75,153,29
632,316,8,0,20,20,0.04,0.05,20,True,30,4,150,100,0.5,100,150
633,316,8,10,20,20,0.04,0.05,20,True,30,4,150,100,0.5,129,47
634,317,8,0,20,20,0.04,0.05,20,True,30,4,100,150,0.5,150,100
635,317,8,10,20,20,0.04,0.05,20,True,30,4,100,150,0.5,179,47
636,318,8,0,20,20,0.04,0.05,20,True,30,4,150,100,0.0,100,150
637,318,8,10,20,20,0.04,0.05,20,True,30,4,150,100,0.0,100,77
638,319,8,0,20,20,0.04,0.05,20,True,30,4,150,100,0.25,100,150
639,319,8,10,20,20,0.04,0.05,20,True,30,4,150,100,0.25,100,63
640,320,8,0,20,20,0.04,0.05,20,True,30,4,150,150,0.5,150,150
641,320,8,10,20,20,0.04,0.05,20,True,30,4,150,150,0.5,181,41
642,321,8,0,20,20,0.04,0.05,20,True,30,4,150,150,0.0,150,150
643,321,8,10,20,20,0.04,0.05,20,True,30,4,150,150,0.0,145,75
644,322,8,0,20,20,0.04,0.05,20,True,30,4,150,150,0.25,150,150
645,322,8,10,20,20,0.04,0.05,20,True,30,4,150,150,0.25,177,61
646,323,9,0,20,20,0.04,0.05,20,True,30,4,50,50,0.5,50,50
647,323,9,10,20,20,0.04,0.05,20,True,30,4,50,50,0.5,53,33
648,324,9,0,20,20,0.04,0.05,20,True,30,4,50,50,0.0,50,50
649,324,9,10,20,20,0.04,0.05,20,True,30,4,50,50,0.0,50,43
650,325,9,0,20,20,0.04,0.05,20,True,30,4,50,50,0.25,50,50
651,325,9,10,20,20,0.04,0.05,20,True,30,4,50,50,0.25,45,32
652,326,9,0,20,20,0.04,0.05,20,True,30,4,50,50,0.75,50,50
653,326,9,10,20,20,0.04,0.05,20,True,30,4,50,50,0.75,60,16
654,327,8,0,20,20,0.04,0.05,20,True,30,4,150,150,0.75,150,150
655,327,8,10,20,20,0.04,0.05,20,True,30,4,150,150,0.75,202,23
656,328,9,0,20,20,0.04,0.05,20,True,30,4,50,100,0.25,100,50
657,328,9,10,20,20,0.04,0.05,20,True,30,4,50,100,0.25,103,40
658,329,9,0,20,20,0.04,0.05,20,True,30,4,50,100,0.0,100,50
659,329,9,10,20,20,0.04,0.05,20,True,30,4,50,100,0.0,107,45
660,330,9,0,20,20,0.04,0.05,20,True,30,4,50,100,0.75,100,50
661,330,9,10,20,20,0.04,0.05,20,True,30,4,50,100,0.75,120,17
662,331,9,0,20,20,0.04,0.05,20,True,30,4,50,100,0.5,100,50
663,331,9,10,20,20,0.04,0.05,20,True,30,4,50,100,0.5,102,27
664,332,9,0,20,20,0.04,0.05,20,True,30,4,50,150,0.0,150,50
665,332,9,10,20,20,0.04,0.05,20,True,30,4,50,150,0.0,168,47
666,333,9,0,20,20,0.04,0.05,20,True,30,4,50,150,0.75,150,50
667,333,9,10,20,20,0.04,0.05,20,True,30,4,50,150,0.75,162,13
668,334,9,0,20,20,0.04,0.05,20,True,30,4,50,150,0.25,150,50
669,334,9,10,20,20,0.04,0.05,20,True,30,4,50,150,0.25,155,38
670,335,9,0,20,20,0.04,0.05,20,True,30,4,50,150,0.5,150,50
671,335,9,10,20,20,0.04,0.05,20,True,30,4,50,150,0.5,154,27
672,336,9,0,20,20,0.04,0.05,20,True,30,4,100,50,0.25,50,100
673,336,9,10,20,20,0.04,0.05,20,True,30,4,100,50,0.25,53,45
674,337,9,0,20,20,0.04,0.05,20,True,30,4,100,50,0.5,50,100
675,337,9,10,20,20,0.04,0.05,20,True,30,4,100,50,0.5,59,49
676,338,9,0,20,20,0.04,0.05,20,True,30,4,100,50,0.75,50,100
677,338,9,10,20,20,0.04,0.05,20,True,30,4,100,50,0.75,66,30
678,339,9,0,20,20,0.04,0.05,20,True,30,4,100,50,0.0,50,100
679,339,9,10,20,20,0.04,0.05,20,True,30,4,100,50,0.0,53,62
680,340,9,0,20,20,0.04,0.05,20,True,30,4,100,100,0.25,100,100
681,340,9,10,20,20,0.04,0.05,20,True,30,4,100,100,0.25,110,43
682,341,9,0,20,20,0.04,0.05,20,True,30,4,100,100,0.0,100,100
683,341,9,10,20,20,0.04,0.05,20,True,30,4,100,100,0.0,94,70
684,342,9,0,20,20,0.04,0.05,20,True,30,4,100,100,0.75,100,100
685,342,9,10,20,20,0.04,0.05,20,True,30,4,100,100,0.75,115,25
686,343,9,0,20,20,0.04,0.05,20,True,30,4,100,100,0.5,100,100
687,343,9,10,20,20,0.04,0.05,20,True,30,4,100,100,0.5,113,44
688,344,9,0,20,20,0.04,0.05,20,True,30,4,100,150,0.0,150,100
689,344,9,10,20,20,0.04,0.05,20,True,30,4,100,150,0.0,137,59
690,345,9,0,20,20,0.04,0.05,20,True,30,4,100,150,0.25,150,100
691,345,9,10,20,20,0.04,0.05,20,True,30,4,100,150,0.25,170,50
692,346,9,0,20,20,0.04,0.05,20,True,30,4,150,50,0.0,50,150
693,346,9,10,20,20,0.04,0.05,20,True,30,4,150,50,0.0,56,83
694,347,9,0,20,20,0.04,0.05,20,True,30,4,100,150,0.75,150,100
695,347,9,10,20,20,0.04,0.05,20,True,30,4,100,150,0.75,172,21
696,348,9,0,20,20,0.04,0.05,20,True,30,4,150,50,0.5,50,150
697,348,9,10,20,20,0.04,0.05,20,True,30,4,150,50,0.5,65,57
698,349,9,0,20,20,0.04,0.05,20,True,30,4,150,50,0.75,50,150
699,349,9,10,20,20,0.04,0.05,20,True,30,4,150,50,0.75,68,34
700,350,9,0,20,20,0.04,0.05,20,True,30,4,100,150,0.5,150,100
701,350,9,10,20,20,0.04,0.05,20,True,30,4,100,150,0.5,149,45
702,351,9,0,20,20,0.04,0.05,20,True,30,4,150,50,0.25,50,150
703,351,9,10,20,20,0.04,0.05,20,True,30,4,150,50,0.25,55,63
704,352,9,0,20,20,0.04,0.05,20,True,30,4,150,100,0.5,100,150
705,352,9,10,20,20,0.04,0.05,20,True,30,4,150,100,0.5,123,43
706,353,9,0,20,20,0.04,0.05,20,True,30,4,150,100,0.25,100,150
707,353,9,10,20,20,0.04,0.05,20,True,30,4,150,100,0.25,116,69
708,354,9,0,20,20,0.04,0.05,20,True,30,4,150,100,0.0,100,150
709,354,9,10,20,20,0.04,0.05,20,True,30,4,150,100,0.0,96,82
710,355,9,0,20,20,0.04,0.05,20,True,30,4,150,100,0.75,100,150
711,355,9,10,20,20,0.04,0.05,20,True,30,4,150,100,0.75,131,27
712,356,9,0,20,20,0.04,0.05,20,True,30,4,150,150,0.5,150,150
713,356,9,10,20,20,0.04,0.05,20,True,30,4,150,150,0.5,173,45
714,357,9,0,20,20,0.04,0.05,20,True,30,4,150,150,0.75,150,150
715,357,9,10,20,20,0.04,0.05,20,True,30,4,150,150,0.75,175,29
716,358,9,0,20,20,0.04,0.05,20,True,30,4,150,150,0.25,150,150
717,358,9,10,20,20,0.04,0.05,20,True,30,4,150,150,0.25,155,62
718,359,9,0,20,20,0.04,0.05,20,True,30,4,150,150,0.0,150,150
719,359,9,10,20,20,0.04,0.05,20,True,30,4,150,150,0.0,157,61
